time,elevation,azimuth,range,visibility,signal
2026-04-14 01:45:14.558,0.0,153.004,2342.582269,0,0.0
2026-04-14 01:46:14.000,1.657,142.919,2167.927127,0,8.488579852185652e-06
2026-04-14 01:47:14.000,2.739,131.315,2062.600849,0,1.4747684053377386e-05
2026-04-14 01:48:14.000,2.998,118.955,2040.224091,0,1.6319183796616826e-05
2026-04-14 01:49:14.000,2.371,106.846,2103.688376,0,1.25170285277636e-05
2026-04-14 01:50:14.000,1.009,95.882,2245.610617,0,4.990233299120526e-06
2026-04-14 01:50:48.285,0.0,90.326,2356.65245,0,0.0
2026-04-14 03:18:47.640,0.0,218.737,2344.291243,0,0.0
2026-04-14 03:19:47.000,4.089,217.947,1935.503227,0,2.346153246732149e-05
2026-04-14 03:20:47.000,9.434,216.661,1525.60211,1,6.866374776740105e-05
2026-04-14 03:21:47.000,17.272,214.278,1125.282108,1,0.00017039346514338046
2026-04-14 03:22:47.000,31.172,208.568,753.003704,1,0.00045935524416940474
2026-04-14 03:23:47.000,59.789,181.996,482.310912,1,0.0013745235328397104
2026-04-14 03:24:47.000,53.831,74.619,514.226179,1,0.0011608925295355037
2026-04-14 03:25:47.000,28.216,55.921,813.765045,1,0.0003847871395993812
2026-04-14 03:26:47.000,15.843,51.168,1193.394453,1,0.00014738291264764715
2026-04-14 03:27:47.000,8.596,49.094,1595.936423,1,5.9808962796204633e-05
2026-04-14 03:28:47.000,3.525,47.976,2006.440448,0,1.9510748976732117e-05
2026-04-14 03:29:39.523,0.0,47.374,2368.021732,0,0.0
2026-04-14 04:56:46.872,0.0,270.973,2356.876112,0,0.0
2026-04-14 04:57:46.000,3.081,278.164,2040.770892,0,1.676649102378002e-05
2026-04-14 04:58:46.000,6.338,287.97,1759.34337,1,4.0004821458339805e-05
2026-04-14 04:59:46.000,9.395,301.117,1540.605908,1,6.771438040498796e-05
2026-04-14 05:00:46.000,11.466,317.74,1414.861996,1,8.998052095467076e-05
2026-04-14 05:01:46.000,11.619,336.103,1407.65562,1,9.164766616272044e-05
2026-04-14 05:02:46.000,9.777,353.065,1520.556183,1,7.139620248471189e-05
2026-04-14 05:03:46.000,6.824,6.648,1729.686856,1,4.3810480191352544e-05
2026-04-14 05:04:46.000,3.595,16.829,2004.350356,0,1.9918935524124668e-05
2026-04-14 05:05:46.000,0.471,24.398,2320.393856,0,2.2543926873102455e-06
2026-04-14 05:05:55.389,0.0,25.399,2372.468339,0,0.0
2026-04-14 06:37:44.548,0.0,327.551,2371.13234,0,0.0
2026-04-14 06:38:44.000,0.886,338.05,2275.61548,0,4.3241577380667045e-06
2026-04-14 06:39:44.000,1.143,349.216,2249.509017,0,5.643167791848931e-06
2026-04-14 06:40:44.000,0.711,0.281,2296.443565,0,3.4386045952776204e-06
2026-04-14 06:41:28.015,0.0,7.955,2374.941346,0,0.0
2026-04-14 08:17:02.015,0.0,354.066,2376.463064,0,0.0
2026-04-14 08:18:02.000,0.617,4.719,2308.992017,0,2.9677832239692784e-06
2026-04-14 08:19:02.000,0.592,15.671,2311.897794,0,2.8439552300328655e-06
2026-04-14 08:19:57.392,-0.0,25.488,2376.988898,0,0.0
2026-04-14 09:52:30.979,0.0,336.756,2376.963457,0,0.0
2026-04-14 09:53:30.000,2.826,344.477,2082.941365,0,1.5067602441875803e-05
2026-04-14 09:54:30.000,5.673,354.696,1827.964098,1,3.446395333963157e-05
2026-04-14 09:55:30.000,8.129,7.786,1639.313825,1,5.506398888165332e-05
2026-04-14 09:56:30.000,9.542,23.461,1542.537241,1,6.868782910189741e-05
2026-04-14 09:57:30.000,9.336,40.05,1555.421106,1,6.664862930311183e-05
2026-04-14 09:58:30.000,7.601,55.226,1675.508947,1,5.037584541775521e-05
2026-04-14 09:59:30.000,4.99,67.631,1882.076348,0,2.9443545665756753e-05
2026-04-14 10:00:30.000,2.099,77.228,2149.731866,0,1.084385394149464e-05
2026-04-14 10:01:13.712,0.0,82.764,2371.078258,0,0.0
2026-04-14 11:28:39.030,0.0,315.767,2376.18898,0,0.0
2026-04-14 11:29:39.000,4.09,316.206,1963.530245,0,2.3132473811541876e-05
2026-04-14 11:30:39.000,9.368,316.789,1553.177339,1,6.697362410126409e-05
2026-04-14 11:31:39.000,17.065,317.696,1150.743701,1,0.00016462960548122078
2026-04-14 11:32:39.000,30.727,319.587,771.831282,1,0.00044176668189152194
2026-04-14 11:33:39.000,61.749,328.212,479.687581,1,0.001427330405692341
2026-04-14 11:34:39.000,61.893,122.601,478.55477,1,0.001434038493663612
2026-04-14 11:35:39.000,30.704,131.294,769.809901,1,0.00044259363445249203
2026-04-14 11:36:39.000,16.982,133.164,1148.677312,1,0.00016412334741184217
2026-04-14 11:37:39.000,9.261,134.032,1551.322369,1,6.628777762591141e-05
2026-04-14 11:38:39.000,3.972,134.561,1962.021309,0,2.2482350614836517e-05
2026-04-14 11:39:36.927,0.0,134.92,2361.043207,0,0.0
2026-04-14 13:06:49.494,0.0,278.896,2371.371707,0,0.0
2026-04-14 13:07:49.000,2.318,269.934,2125.829708,0,1.2109834397496367e-05
2026-04-14 13:08:49.000,4.291,258.794,1938.421175,0,2.458350893161605e-05
2026-04-14 13:09:49.000,5.522,245.758,1830.779002,1,3.349506435468767e-05
2026-04-14 13:10:49.000,5.66,231.8,1817.468033,1,3.45834448269836e-05
2026-04-14 13:11:49.000,4.658,218.386,1900.383719,0,2.7219942528368502e-05
2026-04-14 13:12:49.000,2.816,206.673,2067.529403,0,1.5126151382479955e-05
2026-04-14 13:13:49.000,0.529,197.062,2299.876733,0,2.554581778969981e-06
2026-04-14 13:14:02.126,0.0,195.229,2357.505522,0,0.0
2026-04-15 02:31:41.128,0.0,205.323,2341.496324,0,0.0
2026-04-15 02:32:41.000,3.961,202.04,1944.325006,0,2.2624040186275747e-05
2026-04-15 02:33:41.000,8.913,196.994,1557.713796,1,6.353529017801375e-05
2026-04-15 02:34:41.000,15.53,188.424,1196.129633,1,0.0001441410777904915
2026-04-15 02:35:41.000,24.53,171.939,893.032637,1,0.00030486085661272737
2026-04-15 02:36:41.000,32.65,139.566,727.735641,1,0.0004978180802025267
2026-04-15 02:37:41.000,29.122,100.614,792.602948,1,0.0004077325803706286
2026-04-15 02:38:41.000,19.567,77.654,1045.472148,1,0.00020775623271639246
2026-04-15 02:39:41.000,11.903,66.242,1386.377029,1,9.53277680046954e-05
2026-04-15 02:40:41.000,6.297,59.925,1764.030689,1,3.964048166567979e-05
2026-04-15 02:41:41.000,1.942,56.017,2158.067961,0,9.994024351036986e-06
2026-04-15 02:42:12.070,0.0,54.54,2365.423268,0,0.0
2026-04-15 04:08:49.738,0.0,257.871,2352.361713,0,0.0
2026-04-15 04:09:49.000,3.516,263.508,1995.542997,0,1.9567155190430725e-05
2026-04-15 04:10:49.000,7.59,271.629,1660.037685,1,5.0771475021250544e-05
2026-04-15 04:11:49.000,12.15,283.677,1371.273153,1,9.837691548863231e-05
2026-04-15 04:12:49.000,16.45,301.493,1165.956173,1,0.0001566277997466643
2026-04-15 04:13:49.000,18.332,324.726,1093.022046,1,0.00018618353225478685
2026-04-15 04:14:49.000,16.247,347.696,1177.459895,1,0.00015318486695062476
2026-04-15 04:15:49.000,11.921,5.053,1390.467366,1,9.519127705906653e-05
2026-04-15 04:16:49.000,7.419,16.77,1683.145401,1,4.894668434470483e-05
2026-04-15 04:17:49.000,3.409,24.705,2020.14838,0,1.8740720944880736e-05
2026-04-15 04:18:47.250,0.0,30.175,2370.799091,0,0.0
2026-04-15 05:49:07.180,0.0,312.914,2367.120936,0,0.0
2026-04-15 05:50:07.000,1.473,323.118,2210.196883,0,7.4017229277482965e-06
2026-04-15 05:51:07.000,2.368,334.543,2120.91496,0,1.2399701028127495e-05
2026-04-15 05:52:07.000,2.503,346.521,2108.801335,0,1.318186250513066e-05
2026-04-15 05:53:07.000,1.852,358.198,2175.108836,0,9.456226378641377e-06
2026-04-15 05:54:07.000,0.552,8.842,2312.775624,0,2.650790020308959e-06
2026-04-15 05:54:27.405,0.0,12.148,2373.736855,0,0.0
2026-04-15 07:30:11.423,0.0,359.781,2375.663942,0,0.0
2026-04-15 07:30:37.097,0.057,4.337,2369.522805,0,2.6717031871512977e-07
2026-04-15 07:31:02.771,0.0,8.892,2376.042746,0,0.0
2026-04-15 09:05:26.315,0.0,341.184,2376.410259,0,0.0
2026-04-15 09:06:26.000,2.343,350.133,2129.770358,0,1.2217803404102606e-05
2026-04-15 09:07:26.000,4.39,1.176,1937.524001,0,2.5162328530683886e-05
2026-04-15 09:08:26.000,5.766,14.151,1819.853681,1,3.5184961501948746e-05
2026-04-15 09:09:26.000,6.104,28.222,1792.126113,1,3.782345353766103e-05
2026-04-15 09:10:26.000,5.29,41.988,1858.586182,1,3.160798802804708e-05
2026-04-15 09:11:26.000,3.574,54.214,2009.762381,0,1.974928091272616e-05
2026-04-15 09:12:26.000,1.351,64.378,2228.030139,0,6.734368839824427e-06
2026-04-15 09:12:59.727,0.0,69.204,2373.222615,0,0.0
2026-04-15 10:41:21.319,0.0,321.667,2376.190169,0,0.0
2026-04-15 10:42:21.000,3.954,324.309,1976.026685,0,2.2221922276852497e-05
2026-04-15 10:43:21.000,8.958,328.255,1580.894943,1,6.29203183016518e-05
2026-04-15 10:44:21.000,15.845,334.865,1202.610726,1,0.0001462728370165385
2026-04-15 10:45:21.000,26.205,348.066,866.292923,1,0.00033571894678848506
2026-04-15 10:46:21.000,39.35,19.84,644.170457,1,0.0006776848156613938
2026-04-15 10:47:21.000,37.662,70.794,664.377411,1,0.000628916250760227
2026-04-15 10:48:21.000,24.308,98.646,910.999336,1,0.00029615031308409735
2026-04-15 10:49:21.000,14.553,110.378,1256.630227,1,0.0001285751539112776
2026-04-15 10:50:21.000,8.012,116.406,1638.921064,1,5.428445562195805e-05
2026-04-15 10:51:21.000,3.192,120.051,2036.246907,0,1.7409115480702345e-05
2026-04-15 10:52:09.675,0.0,122.106,2363.566134,0,0.0
2026-04-15 12:18:41.525,0.0,291.626,2373.293355,0,0.0
2026-04-15 12:19:41.000,3.187,284.849,2043.780011,0,1.7317809701099972e-05
2026-04-15 12:20:41.000,6.584,275.436,1749.45149,1,4.179239240474785e-05
2026-04-15 12:21:41.000,9.847,262.485,1517.224892,1,7.206515430463059e-05
2026-04-15 12:22:41.000,12.134,245.664,1379.897912,1,9.763373602828813e-05
2026-04-15 12:23:41.000,12.343,226.747,1366.886549,1,0.00010026010164710265
2026-04-15 12:24:41.000,10.342,209.29,1481.401816,1,7.75168445362395e-05
2026-04-15 12:25:41.000,7.156,195.551,1697.31323,1,4.681769517341103e-05
2026-04-15 12:26:41.000,3.731,185.487,1980.914475,0,2.0916924558793363e-05
2026-04-15 12:27:41.000,0.467,178.173,2306.326418,0,2.2488750826103916e-06
2026-04-15 12:27:49.952,0.0,177.262,2357.351827,0,0.0
2026-04-16 01:44:50.378,0.0,190.969,2339.523502,0,0.0
2026-04-16 01:45:50.000,3.541,185.223,1980.86847,0,1.9852197580218048e-05
2026-04-16 01:46:50.000,7.599,176.898,1647.989215,1,5.1203084025830535e-05
2026-04-16 01:47:50.000,12.062,164.485,1365.954684,1,9.804437834767478e-05
2026-04-16 01:48:50.000,16.055,146.304,1173.728242,1,0.00015185545261530274
2026-04-16 01:49:50.000,17.42,123.311,1119.65638,1,0.0001727162393485464
2026-04-16 01:50:50.000,15.037,101.405,1222.530858,1,0.00013655379158224531
2026-04-16 01:51:50.000,10.763,85.18,1449.029149,1,8.247343784182707e-05
2026-04-16 01:52:50.000,6.415,74.297,1751.159262,1,4.067996518559497e-05
2026-04-16 01:53:50.000,2.534,66.969,2095.532209,0,1.342958406967911e-05
2026-04-16 01:54:33.783,0.0,63.067,2362.335056,0,0.0
2026-04-16 03:21:03.532,0.0,244.966,2348.149152,0,0.0
2026-04-16 03:22:03.000,3.861,248.746,1959.754562,0,2.1879331983418327e-05
2026-04-16 03:23:03.000,8.652,254.428,1581.041128,1,6.076538190562978e-05
2026-04-16 03:24:03.000,14.887,263.725,1229.957585,1,0.00013437596317432098
2026-04-16 03:25:03.000,22.916,280.57,940.104141,1,0.00027055690345987145
2026-04-16 03:26:03.000,29.643,310.8,784.230661,1,0.0004194521215552314
2026-04-16 03:27:03.000,26.967,346.331,840.994424,1,0.00035586142234753483
2026-04-16 03:28:03.000,18.775,9.253,1076.962315,1,0.00019352356590602253
2026-04-16 03:29:03.000,11.663,21.591,1403.750566,1,9.225046212858325e-05
2026-04-16 03:30:03.000,6.261,28.776,1770.744852,1,3.9264494878107124e-05
2026-04-16 03:31:03.000,1.996,33.419,2156.315568,0,1.028026595030708e-05
2026-04-16 03:31:35.457,0.0,35.31,2368.962721,0,0.0
2026-04-16 05:00:37.660,0.0,298.701,2362.664284,0,0.0
2026-04-16 05:01:37.000,2.031,308.179,2148.986162,0,1.0496191587425978e-05
2026-04-16 05:02:37.000,3.646,319.541,1994.737714,0,2.0298815233548824e-05
2026-04-16 05:03:37.000,4.511,332.299,1918.190091,0,2.611634066748744e-05
2026-04-16 05:04:37.000,4.406,345.507,1928.82407,0,2.5367885247464837e-05
2026-04-16 05:05:37.000,3.365,357.998,2025.120695,0,1.8453436155682173e-05
2026-04-16 05:06:37.000,1.645,8.95,2195.388948,0,8.321740006213954e-06
2026-04-16 05:07:24.609,0.0,16.357,2372.380482,0,0.0
2026-04-16 08:18:22.859,0.0,345.477,2375.695495,0,0.0
2026-04-16 08:19:22.000,1.776,355.165,2186.295345,0,9.021796429294432e-06
2026-04-16 08:20:22.000,3.078,6.516,2057.865835,0,1.6611087239688933e-05
2026-04-16 08:21:22.000,3.623,18.899,2006.533064,0,2.005225033521817e-05
2026-04-16 08:22:22.000,3.28,31.404,2038.422021,0,1.7869986726226704e-05
2026-04-16 08:23:22.000,2.131,43.061,2149.790717,0,1.1008871105229798e-05
2026-04-16 08:24:22.000,0.416,53.256,2328.93364,0,1.9838428626757894e-06
2026-04-16 08:24:34.845,0.0,55.226,2374.679089,0,0.0
2026-04-16 09:54:07.520,0.0,327.03,2375.930865,0,0.0
2026-04-16 09:55:07.000,3.684,331.641,2000.718845,0,2.0449092256676704e-05
2026-04-16 09:56:07.000,8.111,338.369,1639.739752,1,5.492779833752832e-05
2026-04-16 09:57:07.000,13.507,348.821,1313.120237,1,0.00011420399256645629
2026-04-16 09:58:07.000,19.613,5.935,1055.377873,1,0.00020629192241914957
2026-04-16 09:59:07.000,23.768,32.113,927.481434,1,0.00028443098506683644
2026-04-16 10:00:07.000,21.829,60.847,982.273946,1,0.00024667026461051416
2026-04-16 10:01:07.000,15.962,81.698,1194.833415,1,0.00014831125584122896
2026-04-16 10:02:07.000,10.141,94.461,1498.964629,1,7.512028990503467e-05
2026-04-16 10:03:07.000,5.322,102.432,1849.201,1,3.196049149975237e-05
2026-04-16 10:04:07.000,1.334,107.755,2222.827821,0,6.665184274723678e-06
2026-04-16 10:04:29.443,0.0,109.312,2366.112695,0,0.0
2026-04-16 11:30:55.568,0.0,301.123,2374.245047,0,0.0
2026-04-16 11:31:55.000,3.712,296.721,1995.887754,0,2.0654362951461338e-05
2026-04-16 11:32:55.000,8.174,290.107,1632.514907,1,5.559926134314869e-05
2026-04-16 11:33:55.000,13.597,279.604,1305.586153,1,0.0001156278730115838
2026-04-16 11:34:55.000,19.633,262.208,1051.592254,1,0.00020724496462468217
2026-04-16 11:35:55.000,23.429,235.843,933.466067,1,0.0002785785716735097
2026-04-16 11:36:55.000,21.099,207.734,1000.958241,1,0.00023397515359458313
2026-04-16 11:37:55.000,15.206,187.779,1223.429966,1,0.0001379871125724765
2026-04-16 11:38:55.000,9.495,175.658,1534.157609,1,6.872258547363261e-05
2026-04-16 11:39:55.000,4.771,168.121,1889.080422,0,2.8047013499572195e-05
2026-04-16 11:40:55.000,0.847,163.12,2266.34661,0,4.150715673379603e-06
2026-04-16 11:41:09.306,0.0,162.172,2358.27512,0,0.0
2026-04-17 00:58:20.945,0.0,174.702,2338.549657,0,0.0
2026-04-17 00:59:20.000,2.82,166.697,2048.101419,0,1.52912554951158e-05
2026-04-17 01:00:20.000,5.595,156.05,1802.68385,1,3.446649847569831e-05
2026-04-17 01:01:20.000,7.848,142.503,1631.356434,1,5.3419705515125255e-05
2026-04-17 01:02:20.000,8.91,126.66,1559.698395,1,6.343314013595818e-05
2026-04-17 01:03:20.000,8.332,110.492,1601.589622,1,5.776761343446275e-05
2026-04-17 01:04:20.000,6.379,96.213,1748.8454,1,4.05051656436493e-05
2026-04-17 01:05:20.000,3.721,84.815,1977.636976,0,2.0895416868245387e-05
2026-04-17 01:06:20.000,0.873,76.116,2262.646037,0,4.285122250321153e-06
2026-04-17 01:06:38.471,0.0,73.889,2358.507021,0,0.0
2026-04-17 02:33:28.701,0.0,232.117,2344.389979,0,0.0
2026-04-17 02:34:28.000,4.049,233.745,1939.009571,0,2.3190034503643635e-05
2026-04-17 02:35:28.000,9.313,236.246,1533.387777,1,6.74391306610218e-05
2026-04-17 02:36:28.000,16.905,240.607,1139.759773,1,0.00016465634376233685
2026-04-17 02:37:28.000,29.727,250.255,779.31586,1,0.0004232901276670193
2026-04-17 02:38:28.000,51.452,283.631,528.050666,1,0.0010805938365247023
2026-04-17 02:39:28.000,47.095,0.017,561.016986,1,0.0009310711078361923
2026-04-17 02:40:28.000,26.738,25.206,845.384681,1,0.00035100929347856296
2026-04-17 02:41:28.000,15.334,33.286,1215.205286,1,0.00014008965405678872
2026-04-17 02:42:28.000,8.357,37.187,1611.653988,1,5.757934203276565e-05
2026-04-17 02:43:28.000,3.391,39.528,2017.875016,0,1.866275895197753e-05
2026-04-17 02:44:19.115,0.0,40.923,2366.867931,0,0.0
2026-04-17 04:12:17.126,0.0,284.882,2358.047748,0,0.0
2026-04-17 04:13:17.000,2.598,293.507,2088.342083,0,1.3816151458174915e-05
2026-04-17 04:14:17.000,4.993,304.424,1870.783963,0,2.963898552098973e-05
2026-04-17 04:15:17.000,6.784,317.707,1726.944632,1,4.3622796924072844e-05
2026-04-17 04:16:17.000,7.475,332.612,1676.415212,1,4.951401117707018e-05
2026-04-17 04:17:17.000,6.817,347.512,1727.477826,1,4.3821473035457063e-05
2026-04-17 04:18:17.000,5.057,0.787,1871.525532,1,3.0007008144169268e-05
2026-04-17 04:19:17.000,2.691,11.704,2088.797265,0,1.4307607967895392e-05
2026-04-17 04:20:17.000,0.113,20.356,2358.304619,0,5.321718719339123e-07
2026-04-17 04:20:19.594,0.0,20.685,2370.857039,0,0.0
2026-04-17 05:53:54.679,0.0,343.766,2371.548808,0,0.0
2026-04-17 05:54:54.000,0.249,354.354,2344.906768,0,1.1793591733508598e-06
2026-04-17 05:55:41.954,0.0,2.893,2373.191206,0,0.0
2026-04-17 07:31:20.495,0.0,349.733,2374.839544,0,0.0
2026-04-17 07:32:20.000,1.212,0.035,2244.036195,0,5.9984185095361745e-06
2026-04-17 07:33:20.000,1.823,11.345,2181.042469,0,9.282842035993185e-06
2026-04-17 07:34:20.000,1.702,22.918,2193.485714,0,8.617559453891761e-06
2026-04-17 07:35:20.000,0.873,33.986,2280.142022,0,4.252256065799659e-06
2026-04-17 07:35:59.987,0.0,40.782,2375.26202,0,0.0
2026-04-17 09:06:56.613,0.0,331.995,2375.428626,0,0.0
2026-04-17 09:07:56.000,3.31,338.315,2035.227935,0,1.8061719489069765e-05
2026-04-17 09:08:56.000,6.99,347.13,1722.147047,1,4.507257044712719e-05
2026-04-17 09:09:56.000,10.824,359.577,1461.508892,1,8.223311825625922e-05
2026-04-17 09:10:56.000,14.02,16.665,1287.091539,1,0.00012093688457787298
2026-04-17 09:11:56.000,15.065,37.31,1236.905202,1,0.00013521947287922366
2026-04-17 09:12:56.000,13.233,57.268,1325.479094,1,0.00011084481768193878
2026-04-17 09:13:56.000,9.702,73.0,1528.696963,1,7.047147415955221e-05
2026-04-17 09:14:56.000,5.851,84.262,1807.747207,1,3.594261865865655e-05
2026-04-17 09:15:56.000,2.248,92.242,2132.250359,0,1.1708788737523789e-05
2026-04-17 09:16:36.728,0.0,96.368,2368.523943,0,0.0
2026-04-17 10:43:21.819,0.0,308.9,2374.611703,0,0.0
2026-04-17 10:44:21.000,3.968,306.924,1973.017975,0,2.2334593426834876e-05
2026-04-17 10:45:21.000,9.063,303.768,1571.98162,1,6.401854841762233e-05
2026-04-17 10:46:21.000,16.192,298.192,1185.872373,1,0.00015158421006662956
2026-04-17 10:47:21.000,27.369,286.335,838.333795,1,0.00036231115893528386
2026-04-17 10:48:21.000,43.033,253.999,603.010783,1,0.0007916157424700224
2026-04-17 10:49:21.000,40.892,196.312,624.635088,1,0.0007262309360045924
2026-04-17 10:50:21.000,25.273,168.629,884.483858,1,0.00031712730680982223
2026-04-17 10:51:21.000,14.845,158.154,1240.301449,1,0.00013288024804718039
2026-04-17 10:52:21.000,8.101,153.03,1629.420708,1,5.52072913877092e-05
2026-04-17 10:53:21.000,3.204,150.037,2031.624478,0,1.7514302511513888e-05
2026-04-17 10:54:09.355,0.0,148.407,2359.843296,0,0.0
2026-04-17 12:23:32.155,0.0,253.901,2366.740501,0,0.0
2026-04-17 12:24:32.000,0.564,243.21,2302.985108,0,2.719924987755896e-06
2026-04-17 12:25:32.000,0.445,232.242,2313.964322,0,2.135862050855592e-06
2026-04-17 12:26:11.440,0.0,225.236,2361.734739,0,0.0
2026-04-18 00:12:29.760,0.0,153.671,2339.343421,0,0.0
2026-04-18 00:13:29.000,1.69,143.648,2161.218522,0,8.684495848462525e-06
2026-04-18 00:14:29.000,2.82,132.027,2051.385426,0,1.5266788068360283e-05
2026-04-18 00:15:29.000,3.124,119.59,2024.74788,0,1.7134961094522342e-05
2026-04-18 00:16:29.000,2.527,107.36,2084.759827,0,1.3461654316241551e-05
2026-04-18 00:17:29.000,1.176,96.266,2224.316359,0,5.871824297619638e-06
2026-04-18 00:18:08.583,0.0,89.823,2353.211967,0,0.0
2026-04-18 01:46:05.933,0.0,219.126,2341.115429,0,0.0
2026-04-18 01:47:05.000,4.069,218.41,1934.037692,0,2.3364460184949776e-05
2026-04-18 01:48:05.000,9.416,217.235,1523.710737,1,6.861775134349448e-05
2026-04-18 01:49:05.000,17.269,215.048,1122.753002,1,0.00017074728827089512
2026-04-18 01:50:05.000,31.263,209.773,749.39347,1,0.00046291269920921185
2026-04-18 01:51:05.000,60.655,184.386,477.116466,1,0.0014095821674638674
2026-04-18 01:52:05.000,54.305,72.504,509.961748,1,0.0011808885718953836
2026-04-18 01:53:05.000,28.216,54.992,811.561923,1,0.0003858304237954197
2026-04-18 01:54:05.000,15.802,50.624,1192.291702,1,0.00014713734913559114
2026-04-18 01:55:05.000,8.555,48.73,1595.457866,1,5.954153728699505e-05
2026-04-18 01:56:05.000,3.488,47.716,2006.370225,0,1.9306630671756407e-05
2026-04-18 01:56:56.989,0.0,47.18,2364.527006,0,0.0
2026-04-18 03:24:06.494,0.0,271.428,2353.414796,0,0.0
2026-04-18 03:25:06.000,3.086,278.736,2036.892128,0,1.6825664331183332e-05
2026-04-18 03:26:06.000,6.314,288.634,1757.888827,1,3.988629325436926e-05
2026-04-18 03:27:06.000,9.318,301.861,1542.465378,1,6.707849415287197e-05
2026-04-18 03:28:06.000,11.312,318.492,1420.746095,1,8.840459582123128e-05
2026-04-18 03:29:06.000,11.395,336.746,1417.458251,1,8.925966698128157e-05
2026-04-18 03:30:06.000,9.532,353.534,1533.232285,1,6.903199218696607e-05
2026-04-18 03:31:06.000,6.597,6.966,1743.990163,1,4.200596745713575e-05
2026-04-18 03:32:06.000,3.399,17.049,2019.402907,0,1.8692641223103657e-05
2026-04-18 03:33:06.000,0.302,24.561,2335.708583,0,1.4360179869958375e-06
2026-04-18 03:33:12.053,-0.0,25.208,2369.226065,0,0.0
2026-04-18 05:05:05.777,0.0,328.228,2367.872177,0,0.0
2026-04-18 05:06:05.000,0.853,338.714,2275.959336,0,4.16247125187034e-06
2026-04-18 05:07:05.000,1.079,349.878,2253.184742,0,5.318503255528153e-06
2026-04-18 05:08:05.000,0.62,0.909,2303.311729,0,2.989564650559867e-06
2026-04-18 05:08:43.525,0.0,7.62,2371.958239,0,0.0
2026-04-18 06:44:19.845,0.0,354.165,2373.863561,0,0.0
2026-04-18 06:45:19.000,0.618,4.68,2306.503021,0,2.975799643239846e-06
2026-04-18 06:46:19.000,0.605,15.649,2308.189222,0,2.9110746569309175e-06
2026-04-18 06:47:15.901,0.0,25.748,2374.872327,0,0.0
2026-04-18 08:19:47.855,0.0,336.666,2374.759914,0,0.0
2026-04-18 08:20:47.000,2.846,344.384,2078.969117,0,1.5203217184220444e-05
2026-04-18 08:21:47.000,5.716,354.596,1822.675209,1,3.482588938955693e-05
2026-04-18 08:22:47.000,8.202,7.708,1632.634321,1,5.578563829238584e-05
2026-04-18 08:23:47.000,9.643,23.449,1534.68158,1,6.976996132521461e-05
2026-04-18 08:24:47.000,9.448,40.133,1546.954807,1,6.781708180565621e-05
2026-04-18 08:25:47.000,7.703,55.394,1667.091833,1,5.130945862552454e-05
2026-04-18 08:26:47.000,5.073,67.85,1874.146199,1,3.0059878369338108e-05
2026-04-18 08:27:47.000,2.166,77.468,2142.455905,0,1.1227973764483235e-05
2026-04-18 08:28:31.910,0.0,83.146,2370.608866,0,0.0
2026-04-18 09:55:55.961,0.0,315.587,2374.594072,0,0.0
2026-04-18 09:56:55.000,4.023,315.953,1968.208963,0,2.2699470112050265e-05
2026-04-18 09:57:55.000,9.283,316.43,1557.660818,1,6.617504158268027e-05
2026-04-18 09:58:55.000,16.945,317.149,1154.890075,1,0.0001628855389019391
2026-04-18 09:59:55.000,30.519,318.599,775.21668,1,0.0004368625523481407
2026-04-18 10:00:55.000,61.453,325.026,480.710171,1,0.001417472895981495
2026-04-18 10:01:55.000,62.694,125.548,475.195108,1,0.0014628457711917528
2026-04-18 10:02:55.000,30.962,132.422,765.04018,1,0.00044909161582388834
2026-04-18 10:03:55.000,17.107,133.882,1143.718744,1,0.00016604758048565488
2026-04-18 10:04:55.000,9.34,134.57,1546.369394,1,6.706722918275439e-05
2026-04-18 10:05:55.000,4.031,134.997,1957.10996,0,2.28735310088964e-05
2026-04-18 10:06:53.732,0.0,135.295,2361.730439,0,0.0
2026-04-18 11:34:08.035,0.0,278.433,2370.814858,0,0.0
2026-04-18 11:35:08.000,2.303,269.332,2126.903089,0,1.2025401448575502e-05
2026-04-18 11:36:08.000,4.227,258.143,1943.999614,0,2.4147391253244058e-05
2026-04-18 11:37:08.000,5.396,245.122,1841.309194,1,3.2543698826894935e-05
2026-04-18 11:38:08.000,5.479,231.263,1832.673747,1,3.319989604332694e-05
2026-04-18 11:39:08.000,4.449,218.0,1919.252672,0,2.5743139980556332e-05
2026-04-18 11:40:08.000,2.604,206.441,2088.771081,0,1.384521663467949e-05
2026-04-18 11:41:08.000,0.33,196.95,2322.389114,0,1.578154362767952e-06
2026-04-18 11:41:16.277,0.0,195.797,2358.589384,0,0.0
2026-04-19 00:58:56.450,0.0,205.694,2338.500359,0,0.0
2026-04-19 00:59:56.000,3.946,202.492,1942.646462,0,2.255782895791079e-05
2026-04-19 01:00:56.000,8.911,197.542,1554.836037,1,6.363852536930992e-05
2026-04-19 01:01:56.000,15.576,189.106,1191.438988,1,0.0001451367058678114
2026-04-19 01:02:56.000,24.735,172.746,885.589569,1,0.00030998936028913884
2026-04-19 01:03:56.000,33.176,140.045,717.310624,1,0.0005131794100016294
2026-04-19 01:04:56.000,29.555,100.308,782.016168,1,0.00041938966564083633
2026-04-19 01:05:56.000,19.743,77.21,1036.804005,1,0.00021137581432504365
2026-04-19 01:06:56.000,11.972,65.876,1379.435203,1,9.636252533486153e-05
2026-04-19 01:07:56.000,6.326,59.643,1758.318369,1,3.9952341842961164e-05
2026-04-19 01:08:56.000,1.954,55.799,2153.240034,0,1.0078315679055435e-05
2026-04-19 01:09:27.205,0.0,54.343,2361.863208,0,0.0
2026-04-19 02:36:06.370,0.0,258.275,2349.019113,0,0.0
2026-04-19 02:37:06.000,3.528,264.021,1991.072717,0,1.9677996523658024e-05
2026-04-19 02:38:06.000,7.583,272.248,1657.328978,1,5.0807503621609846e-05
2026-04-19 02:39:06.000,12.095,284.426,1371.281389,1,9.793100013315775e-05
2026-04-19 02:40:06.000,16.29,302.33,1169.88089,1,0.00015458446845092842
2026-04-19 02:41:06.000,18.038,325.46,1101.411845,1,0.00018180340054512224
2026-04-19 02:42:06.000,15.909,348.15,1189.169703,1,0.00014852223697267708
2026-04-19 02:43:06.000,11.632,5.28,1403.720475,1,9.200723328564312e-05
2026-04-19 02:44:06.000,7.192,16.881,1696.850941,1,4.7066034586078027e-05
2026-04-19 02:45:06.000,3.228,24.767,2033.850371,0,1.762619363950602e-05
2026-04-19 02:46:01.492,0.0,29.997,2367.393705,0,0.0
2026-04-19 04:16:25.150,0.0,313.477,2363.676666,0,0.0
2026-04-19 04:17:25.000,1.448,323.727,2209.362014,0,7.278847893234239e-06
2026-04-19 04:18:25.000,2.311,335.169,2123.161094,0,1.208843239352626e-05
2026-04-19 04:19:25.000,2.415,347.13,2114.210673,0,1.2685891611579125e-05
2026-04-19 04:20:25.000,1.739,358.757,2183.411406,0,8.8455050953997e-06
2026-04-19 04:21:25.000,0.425,9.334,2323.453481,0,2.0315408593123066e-06
2026-04-19 04:21:40.785,0.0,11.889,2370.567941,0,0.0
2026-04-19 05:57:29.672,0.0,0.418,2372.899325,0,0.0
2026-04-19 05:57:52.694,0.046,4.508,2368.025081,0,2.157474461584694e-07
2026-04-19 05:58:15.715,0.0,8.597,2373.345539,0,0.0
2026-04-19 07:32:40.716,0.0,341.129,2373.950366,0,0.0
2026-04-19 07:33:40.000,2.341,350.003,2127.687102,0,1.2219321048486869e-05
2026-04-19 07:34:40.000,4.409,1.037,1933.781813,0,2.5320110288264783e-05
2026-04-19 07:35:40.000,5.811,14.029,1814.380293,1,3.556646886364909e-05
2026-04-19 07:36:40.000,6.17,28.148,1785.11798,1,3.838243404030654e-05
2026-04-19 07:37:40.000,5.368,41.981,1850.494933,1,3.221420884355423e-05
2026-04-19 07:38:40.000,3.653,54.269,2001.109237,0,2.0273064095997123e-05
2026-04-19 07:39:40.000,1.425,64.48,2219.227078,0,7.13140267958363e-06
2026-04-19 07:40:15.433,0.0,69.555,2372.161461,0,0.0
2026-04-19 09:08:35.597,0.0,321.523,2374.245049,0,0.0
2026-04-19 09:09:35.000,3.942,324.097,1975.427159,0,2.2161201236559206e-05
2026-04-19 09:10:35.000,8.956,327.959,1579.549349,1,6.295982543921893e-05
2026-04-19 09:11:35.000,15.877,334.437,1200.121926,1,0.00014687194304961103
2026-04-19 09:12:35.000,26.36,347.439,861.920476,1,0.00033941585236979457
2026-04-19 09:13:35.000,39.911,19.274,637.154242,1,0.0006949034048034355
2026-04-19 09:14:35.000,38.247,71.31,656.587968,1,0.0006462506726805966
2026-04-19 09:15:35.000,24.538,99.307,904.684728,1,0.0003010368133804333
2026-04-19 09:16:35.000,14.653,110.916,1251.635299,1,0.00012997487077131387
2026-04-19 09:17:35.000,8.069,116.846,1634.799925,1,5.480838712934626e-05
2026-04-19 09:18:35.000,3.231,120.423,2032.716169,0,1.7652414111283e-05
2026-04-19 09:19:24.186,0.0,122.455,2363.839232,0,0.0
2026-04-19 10:45:56.561,0.0,291.318,2372.20157,0,0.0
2026-04-19 10:46:56.000,3.168,284.477,2044.700351,0,1.7206821117664264e-05
2026-04-19 10:47:56.000,6.532,274.994,1752.83668,1,4.138228981376863e-05
2026-04-19 10:48:56.000,9.738,262.002,1523.790212,1,7.096058142849621e-05
2026-04-19 10:49:56.000,11.948,245.232,1390.020518,1,9.543752506715761e-05
2026-04-19 10:50:56.000,12.104,226.486,1380.001102,1,9.738506992798104e-05
2026-04-19 10:51:56.000,10.108,209.234,1496.135198,1,7.501734730513705e-05
2026-04-19 10:52:56.000,6.961,195.637,1712.423486,1,4.514029664960741e-05
2026-04-19 10:53:56.000,3.577,185.647,1995.73399,0,1.9904726740513117e-05
2026-04-19 10:54:56.000,0.343,178.363,2320.601584,0,1.641587056701074e-06
2026-04-19 10:55:02.624,0.0,177.687,2358.236296,0,0.0
2026-04-20 00:12:02.702,0.0,191.335,2336.685753,0,0.0
2026-04-20 00:13:02.000,3.534,185.675,1978.635042,0,1.9835305919315334e-05
2026-04-20 00:14:02.000,7.616,177.417,1643.845871,1,5.1446900718287555e-05
2026-04-20 00:15:02.000,12.133,165.055,1359.26521,1,9.910649049909252e-05
2026-04-20 00:16:02.000,16.22,146.826,1164.063862,1,0.00015468870686010703
2026-04-20 00:17:02.000,17.661,123.601,1107.665569,1,0.0001769995739205042
2026-04-20 00:18:02.000,15.252,101.422,1209.970108,1,0.00013994289829874702
2026-04-20 00:19:02.000,10.908,85.057,1437.208453,1,8.427151137040353e-05
2026-04-20 00:20:02.000,6.508,74.138,1740.45239,1,4.152344992395176e-05
2026-04-20 00:21:02.000,2.596,66.815,2085.883681,0,1.3821778715823141e-05
2026-04-20 00:21:46.652,0.0,62.859,2358.76791,0,0.0
2026-04-20 01:48:17.208,0.0,245.328,2344.982047,0,0.0
2026-04-20 01:49:17.000,3.877,249.198,1955.072441,0,2.2022588159237693e-05
2026-04-20 01:50:17.000,8.661,254.99,1577.393422,1,6.09691677575512e-05
2026-04-20 01:51:17.000,14.866,264.458,1228.11725,1,0.00013438732372991898
2026-04-20 01:52:17.000,22.782,281.54,941.504981,1,0.0002685750616031315
2026-04-20 01:53:17.000,29.211,311.768,790.535732,1,0.0004100467654777544
2026-04-20 01:54:17.000,26.417,346.715,851.232668,1,0.00034441559593233315
2026-04-20 01:55:17.000,18.39,9.277,1088.411906,1,0.0001875629706339315
2026-04-20 01:56:17.000,11.408,21.528,1415.207482,1,8.950352061164689e-05
2026-04-20 01:57:17.000,6.079,28.705,1781.948096,1,3.7883573052955785e-05
2026-04-20 01:58:17.000,1.853,33.361,2167.248958,0,9.49562955532567e-06
2026-04-20 01:58:47.280,0.0,35.145,2365.453467,0,0.0
2026-04-20 03:27:52.537,0.0,299.183,2359.167175,0,0.0
2026-04-20 03:28:52.000,2.014,308.73,2147.209206,0,1.0416945293445398e-05
2026-04-20 03:29:52.000,3.598,320.129,1995.701946,0,2.002190555173515e-05
2026-04-20 03:30:52.000,4.427,332.89,1922.211903,0,2.5576427024063032e-05
2026-04-20 03:31:52.000,4.29,346.058,1935.839219,0,2.461054392076861e-05
2026-04-20 03:32:52.000,3.228,358.478,2034.676808,0,1.7619037818633277e-05
2026-04-20 03:33:52.000,1.502,9.352,2206.848785,0,7.558891262061177e-06
2026-04-20 03:34:35.681,0.0,16.14,2369.058482,0,0.0
2026-04-20 06:45:34.859,0.0,345.466,2372.99124,0,0.0
2026-04-20 06:46:34.000,1.786,355.156,2182.700195,0,9.087531562199842e-06
2026-04-20 06:47:34.000,3.1,6.522,2053.393559,0,1.676623463578745e-05
2026-04-20 06:48:34.000,3.656,18.934,2001.336241,0,2.0287412968131074e-05
2026-04-20 06:49:34.000,3.318,31.476,2032.765219,0,1.8127297252528474e-05
2026-04-20 06:50:34.000,2.171,43.169,2143.970121,0,1.1245947897389019e-05
2026-04-20 06:51:34.000,0.453,53.391,2323.190527,0,2.165628538134616e-06
2026-04-20 06:51:47.956,0.0,55.533,2373.043901,0,0.0
2026-04-20 08:21:19.204,0.0,326.918,2373.670599,0,0.0
2026-04-20 08:22:19.000,3.716,331.52,1995.743554,0,2.067811302366618e-05
2026-04-20 08:23:19.000,8.168,338.216,1633.892325,1,5.551164083882744e-05
2026-04-20 08:24:19.000,13.615,348.651,1306.184975,1,0.00011572790436776386
2026-04-20 08:25:19.000,19.815,5.829,1047.307829,1,0.00021002100773843087
2026-04-20 08:26:19.000,24.05,32.264,919.049624,1,0.00029044327094059254
2026-04-20 08:27:19.000,22.041,61.28,975.127949,1,0.0002508892407505484
2026-04-20 08:28:19.000,16.064,82.186,1189.69867,1,0.00014990265243925138
2026-04-20 08:29:19.000,10.186,94.899,1495.504463,1,7.56280923819589e-05
2026-04-20 08:30:19.000,5.343,102.812,1846.938246,1,3.212589316508289e-05
2026-04-20 08:31:19.000,1.345,108.087,2221.415967,0,6.724413730980203e-06
2026-04-20 08:31:41.593,0.0,109.639,2365.920723,0,0.0
2026-04-20 09:58:07.609,0.0,300.894,2372.720764,0,0.0
2026-04-20 09:59:07.000,3.701,296.428,1995.555807,0,2.0596580410147394e-05
2026-04-20 10:00:07.000,8.144,289.723,1633.583522,1,5.535898757756406e-05
2026-04-20 10:01:07.000,13.518,279.11,1308.796526,1,0.00011467430018210325
2026-04-20 10:02:07.000,19.436,261.647,1057.919401,1,0.00020393955890468717
2026-04-20 10:03:07.000,23.065,235.469,943.225118,1,0.00027141597156471513
2026-04-20 10:04:07.000,20.73,207.767,1012.509116,1,0.00022726320829001144
2026-04-20 10:05:07.000,14.955,188.035,1234.87532,1,0.00013445261344539726
2026-04-20 10:06:07.000,9.333,175.965,1544.847016,1,6.708296417864936e-05
2026-04-20 10:07:07.000,4.661,168.421,1898.992861,0,2.72574123576609e-05
2026-04-20 10:08:07.000,0.766,163.398,2275.59555,0,3.738525761025542e-06
2026-04-20 10:08:19.988,0.0,162.529,2358.900401,0,0.0
